timestamp,rating,review,ai_response,ai_summary,recommended_action
2025-12-07 10:31:49,2,bad,"Error generating AI response: Error code: 401 - {'error': {'message': 'Invalid API Key', 'type': 'invalid_request_error', 'code': 'invalid_api_key'}}","Error generating AI response: Error code: 401 - {'error': {'message': 'Invalid API Key', 'type': 'invalid_request_error', 'code': 'invalid_api_key'}}","Error generating AI response: Error code: 401 - {'error': {'message': 'Invalid API Key', 'type': 'invalid_request_error', 'code': 'invalid_api_key'}}"
2025-12-07 10:33:39,1,bad,Weâ€™re sorry you had a disappointing experience. Please reach out to us at [email/phone] so we can make things right.,"The reviewer gave a negative assessment, simply describing the experience as â€œbad.â€","**Improvement Recommendation â€“ Deploy a â€œQuickâ€‘Capture Quality Auditâ€ on the touchâ€‘point that generated the â€œbadâ€ feedback**

| What to Do | Why It Helps | How to Implement (3â€‘step rollout) |
|------------|--------------|-----------------------------------|
| **Add a short, mandatory qualityâ€‘audit form** for every transaction/service interaction (e.g., â€œWas the experience satisfactory?â€¯Yes / No â€“ please add a brief commentâ€). | The single word â€œbadâ€ tells us the customer was dissatisfied, but we donâ€™t know why. A realâ€‘time, structured audit turns vague negativity into actionable data. | 1. **Design the form** (2â€‘question Likert + optional freeâ€‘text). 2. **Integrate it** into the existing workflow (eâ€‘mail receipt, POS screen, or postâ€‘call IVR) so staff must complete it before closing the case. 3. **Review daily** â€“ assign a small â€œQuality Pulseâ€ team to triage any â€œNo/Badâ€ responses, identify the root cause (product defect, service delay, communication gap, etc.), and trigger a correctiveâ€‘action ticket within 24â€¯hrs. |
| **Key Metrics to Track** | â€¢ % of interactions flagged â€œBadâ€ <br>â€¢ Time to resolution of flagged issues <br>â€¢ Trend of â€œBadâ€ occurrences by department/product | Use a simple dashboard (e.g., Powerâ€¯BI, Google Data Studio) that updates automatically from the audit data. |
| **Expected Impact (first 30â€¯days)** | â€¢â€¯Identify the specific pain point behind the generic â€œbadâ€ comment. <br>â€¢â€¯Reduce repeat â€œbadâ€ incidents by â‰¥â€¯15â€¯% through rapid fixes. <br>â€¢â€¯Demonstrate to customers that their voice triggers immediate action, improving perception of responsiveness. | |

**Bottom line:** By institutionalizing a quickâ€‘capture quality audit, you turn a meaningless â€œbadâ€ into concrete, timely insights that can be acted on the same dayâ€”directly improving the customer experience and preventing future vague complaints."
2025-12-07 10:36:24,1,bad,Weâ€™re sorry you had a bad experience. Please reach out so we can make it right.,The reviewer found the product/service unsatisfactory.,"**Improvement Recommendation: Implement a Structured â€œVoiceâ€‘ofâ€‘Customerâ€ (VoC) Loop**

**Why it matters:**  
A oneâ€‘word comment like â€œbadâ€ signals that customers (or internal stakeholders) are dissatisfied but arenâ€™t giving you enough detail to act on. By turning vague sentiment into actionable data, you can pinpoint the exact pain points that are driving the negative perception.

**What to do (stepâ€‘byâ€‘step):**

| Step | Action | Owner | Timeline |
|------|--------|-------|----------|
| 1. Deploy a short, targeted survey | Add a 3â€‘question popâ€‘up after each transaction or interaction: <br>1ï¸âƒ£ â€œHow would you rate your experience today (1â€‘5)?â€ <br>2ï¸âƒ£ â€œWhat was the biggest issue you encountered?â€ <br>3ï¸âƒ£ â€œWhat could we do to improve?â€ | Customer Experience Lead | 2â€¯weeks |
| 2. Centralize responses | Feed survey results into a realâ€‘time dashboard (e.g., Powerâ€¯BI, Tableau) that categorizes comments by theme (e.g., product quality, service speed, communication). | Data Analyst | 1â€¯week after survey launch |
| 3. Weekly triage meeting | Review topâ€‘3 negative themes each week, assign a rootâ€‘cause owner, and define a corrective action. | Operations Manager (you) | Ongoing |
| 4. Close the loop | Send a brief followâ€‘up email to respondents acknowledging their feedback and outlining the steps youâ€™re taking. | Customer Service Team | Within 48â€¯hrs of each survey batch |
| 5. Measure impact | Track the Net Promoter Score (NPS) and the â€œbadâ€ comment frequency before and after implementation (target: 20â€¯% reduction in negative remarks within 60â€¯days). | Performance Analyst | Monthly |

**Result youâ€™ll see:**  
- Concrete data replaces vague â€œbadâ€ feedback.  
- Faster identification and resolution of the underlying issue(s).  
- Demonstrable improvement in customer satisfaction metrics, which translates into higher retention and revenue.  

**Quick win:** Start with a single pilot location or product line to test the survey flow and dashboard; roll out organizationâ€‘wide once you confirm a >10â€¯% response rate and clear thematic insights. This focused, dataâ€‘driven loop turns â€œbadâ€ into actionable improvement."
2025-12-07 10:38:27,5,good,Thank you for the 5â€‘star rating! We're thrilled you enjoyed it. ğŸ™,The reviewer gave a brief but positive assessment.,"**Improvement Recommendation: Implement a Structured â€œQuick Pulseâ€ Survey After Each Interaction**

**Why it matters:**  
A oneâ€‘word comment like â€œgoodâ€ tells you customers are satisfied, but it doesnâ€™t reveal *why* they feel that wayâ€”or where you could turn â€œgoodâ€ into â€œgreat.â€ A brief, targeted survey captures the specifics you need to drive continuous improvement without burdening customers.

**What to do (stepâ€‘byâ€‘step):**

| Step | Action | Details |
|------|--------|---------|
| 1 | **Design a 3â€‘question pulse survey** | â€¢â€¯Rate overall experience (1â€‘5 stars) <br>â€¢â€¯Select the top reason for that rating (e.g., speed, friendliness, product quality, price) <br>â€¢â€¯Openâ€‘ended â€œWhat could we do better?â€ (optional, max 50 characters) |
| 2 | **Deploy it at the right moment** | Send the survey automatically via email/SMS or embed it in the checkout flow within 5â€¯minutes of purchase or service completion. |
| 3 | **Set a responseâ€‘rate goal** | Aim for â‰¥â€¯20â€¯% open rate; incentivize with a small discount or entry into a monthly draw. |
| 4 | **Automate data collection & visualization** | Use a tool like Google Forms + Google Data Studio, Typeform + Zapier, or your CRMâ€™s builtâ€‘in survey module to aggregate results in a live dashboard. |
| 5 | **Review & act weekly** | Assign a â€œFeedback Championâ€ to scan the dashboard every Monday, flag recurring improvement themes, and prioritize one actionable change per week. |
| 6 | **Close the loop with customers** | In a monthly newsletter, share a short â€œYou saidâ€¦ we didâ€¦â€ snippet showing how feedback led to a concrete improvement. |

**Expected impact:**  
- **Clear insight** into what â€œgoodâ€ actually means for your customers.  
- **Prioritized action items** based on real data, not assumptions.  
- **Higher customer loyalty** as people see their voice shaping the business.  
- **Incremental revenue boost** (studies show a 5â€‘10â€¯% lift when â€œgoodâ€ experiences are upgraded to â€œgreatâ€).

By turning a vague â€œgoodâ€ into actionable intelligence, youâ€™ll systematically elevate service quality and convert satisfied customers into enthusiastic advocates."
